plate,well,cycle_nr,time_s,temperature_C,raw_value,mutant
Plate1,A01,1,0,24.8,0.203199998,F313D
Plate1,A01,2,1200,24.5,0.188800007,F313D
Plate1,A01,3,2400,25.5,0.189799994,F313D
Plate1,A01,4,3600,25.5,0.189500004,F313D
Plate1,A01,5,4800,25.7,0.190400004,F313D
Plate1,A01,6,6000,25.7,0.192599997,F313D
Plate1,A01,7,7200,25.8,0.195099995,F313D
Plate1,A01,8,8400,26,0.197699994,F313D
Plate1,A01,9,9600,25.9,0.200100005,F313D
Plate1,A01,10,10800,25.6,0.202700004,F313D
Plate1,A01,11,12000,26,0.2051,F313D
Plate1,A01,12,13200,26,0.206499994,F313D
Plate1,A01,13,14400,25.9,0.208000004,F313D
Plate1,A01,14,15600,26,0.209299996,F313D
Plate1,A01,15,16800,26.3,0.210500002,F313D
Plate1,A01,16,18000,26.4,0.211500004,F313D
Plate1,A01,17,19200,26.3,0.212599993,F313D
Plate1,A01,18,20400,26.1,0.213699996,F313D
Plate1,A01,19,21600,26,0.2148,F313D
Plate1,A01,20,22800,25.9,0.216100007,F313D
Plate1,A01,21,24000,26,0.217299998,F313D
Plate1,A01,22,25200,25.6,0.218700007,F313D
Plate1,A01,23,26400,25.8,0.219899997,F313D
Plate1,A01,24,27600,25.7,0.221300006,F313D
Plate1,A01,25,28800,25.6,0.222800002,F313D
Plate1,A01,26,30000,25.4,0.223900005,F313D
Plate1,A01,27,31200,25.1,0.225199997,F313D
Plate1,A01,28,32400,25.6,0.226300001,F313D
Plate1,A01,29,33600,25.4,0.227599993,F313D
Plate1,A01,30,34800,25.5,0.228699997,F313D
Plate1,A01,31,36000,25.4,0.229900002,F313D
Plate1,A01,32,37200,25.2,0.231099993,F313D
Plate1,A01,33,38400,25.4,0.232199997,F313D
Plate1,A01,34,39600,25.2,0.233400002,F313D
